Metric,Score
accuracy,0.3207563025210084
balanced_accuracy,0.2183944338489793
precision_micro,0.3207563025210084
recall_micro,0.3207563025210084
f1_micro,0.3207563025210084
