Metric,Score
accuracy,0.3199050632911392
balanced_accuracy,0.22005050505050505
precision_micro,0.3199050632911392
recall_micro,0.3199050632911392
f1_micro,0.3199050632911392
